contrast_id	gene_set_used	source	native	name	p_value	term_size	query_size	intersection_size	effective_domain_size	parents
ipsi_vs_contra_in_ff	bend-point selected genes (log2FC > 0)	GO:BP	GO:0048518	positive regulation of biological process	9.893578912847805e-33	6447	567	278	25907	['GO:0008150', 'GO:0050789']
ipsi_vs_contra_in_ff	bend-point selected genes (log2FC > 0)	GO:BP	GO:0048522	positive regulation of cellular process	1.6281163284298185e-31	6095	567	266	25907	['GO:0009987', 'GO:0048518', 'GO:0050794']
ipsi_vs_contra_in_ff	bend-point selected genes (log2FC > 0)	GO:BP	GO:0048519	negative regulation of biological process	2.2984829371608747e-24	5759	567	241	25907	['GO:0008150', 'GO:0050789']
ipsi_vs_contra_in_ff	bend-point selected genes (log2FC > 0)	GO:BP	GO:0048523	negative regulation of cellular process	2.3893436703591493e-24	5540	567	235	25907	['GO:0009987', 'GO:0048519', 'GO:0050794']
ipsi_vs_contra_in_ff	bend-point selected genes (log2FC > 0)	GO:BP	GO:0065007	biological regulation	8.504131861125041e-23	13503	567	417	25907	['GO:0008150']
ipsi_vs_contra_in_ff	bend-point selected genes (log2FC > 0)	GO:BP	GO:0035556	intracellular signal transduction	1.5400690968024818e-22	2810	567	150	25907	['GO:0007165']
ipsi_vs_contra_in_ff	bend-point selected genes (log2FC > 0)	GO:BP	GO:0023051	regulation of signaling	3.0607391121542253e-22	3558	567	173	25907	['GO:0023052', 'GO:0050789']
ipsi_vs_contra_in_ff	bend-point selected genes (log2FC > 0)	GO:BP	GO:0048583	regulation of response to stimulus	1.4233281859670382e-21	3939	567	183	25907	['GO:0050789', 'GO:0050896']
ipsi_vs_contra_in_ff	bend-point selected genes (log2FC > 0)	GO:BP	GO:0006950	response to stress	2.020976087969419e-21	3917	567	182	25907	['GO:0050896']
ipsi_vs_contra_in_ff	bend-point selected genes (log2FC > 0)	GO:BP	GO:0010646	regulation of cell communication	2.6306944394475834e-21	3560	567	171	25907	['GO:0007154', 'GO:0050794']
ipsi_vs_contra_in_ff	bend-point selected genes (log2FC > 0)	GO:BP	GO:0051179	localization	9.875409386606949e-21	5309	567	220	25907	['GO:0008150']
ipsi_vs_contra_in_ff	bend-point selected genes (log2FC > 0)	GO:BP	GO:0006810	transport	1.5726525566418183e-20	4364	567	193	25907	['GO:0051234']
ipsi_vs_contra_in_ff	bend-point selected genes (log2FC > 0)	GO:BP	GO:0048731	system development	1.0435239403392011e-19	4155	567	185	25907	['GO:0007275', 'GO:0048856']
ipsi_vs_contra_in_ff	bend-point selected genes (log2FC > 0)	GO:BP	GO:0009966	regulation of signal transduction	1.310522888196263e-19	2940	567	148	25907	['GO:0007165', 'GO:0010646', 'GO:0023051', 'GO:0048583']
ipsi_vs_contra_in_ff	bend-point selected genes (log2FC > 0)	GO:BP	GO:0051234	establishment of localization	1.858110511301559e-19	4666	567	199	25907	['GO:0051179']
ipsi_vs_contra_in_ff	bend-point selected genes (log2FC > 0)	GO:BP	GO:0051239	regulation of multicellular organismal process	2.0077965481897946e-19	3080	567	152	25907	['GO:0032501', 'GO:0050789']
ipsi_vs_contra_in_ff	bend-point selected genes (log2FC > 0)	GO:BP	GO:0050789	regulation of biological process	3.0976756361034303e-19	13108	567	400	25907	['GO:0008150', 'GO:0065007']
ipsi_vs_contra_in_ff	bend-point selected genes (log2FC > 0)	GO:BP	GO:0048856	anatomical structure development	3.369867651615639e-19	6280	567	242	25907	['GO:0032502']
ipsi_vs_contra_in_ff	bend-point selected genes (log2FC > 0)	GO:BP	GO:0007275	multicellular organism development	9.16747670925258e-19	4907	567	204	25907	['GO:0032501', 'GO:0048856']
ipsi_vs_contra_in_ff	bend-point selected genes (log2FC > 0)	GO:BP	GO:0009893	positive regulation of metabolic process	1.1009101044014198e-18	3493	567	163	25907	['GO:0008152', 'GO:0019222', 'GO:0048522']
ipsi_vs_contra_in_ff	bend-point selected genes (log2FC > 0)	GO:BP	GO:0023057	negative regulation of signaling	1.2556947791537451e-18	1426	567	94	25907	['GO:0023051', 'GO:0023052', 'GO:0048519']
ipsi_vs_contra_in_ff	bend-point selected genes (log2FC > 0)	GO:BP	GO:0010648	negative regulation of cell communication	1.5267039041944596e-18	1430	567	94	25907	['GO:0007154', 'GO:0010646', 'GO:0048523']
ipsi_vs_contra_in_ff	bend-point selected genes (log2FC > 0)	GO:BP	GO:0007166	cell surface receptor signaling pathway	1.5449446975115778e-18	2731	567	139	25907	['GO:0007165']
ipsi_vs_contra_in_ff	bend-point selected genes (log2FC > 0)	GO:BP	GO:0050794	regulation of cellular process	3.510932033986999e-18	12715	567	389	25907	['GO:0009987', 'GO:0050789']
ipsi_vs_contra_in_ff	bend-point selected genes (log2FC > 0)	GO:BP	GO:0010604	positive regulation of macromolecule metabolic process	3.93436804697998e-18	3174	567	152	25907	['GO:0009893', 'GO:0043170', 'GO:0060255']
ipsi_vs_contra_in_ff	bend-point selected genes (log2FC > 0)	GO:BP	GO:0032502	developmental process	5.39470059430955e-18	6873	567	254	25907	['GO:0008150']
ipsi_vs_contra_in_ff	bend-point selected genes (log2FC > 0)	GO:BP	GO:0050896	response to stimulus	1.0318714362338406e-17	10427	567	338	25907	['GO:0008150']
ipsi_vs_contra_in_ff	bend-point selected genes (log2FC > 0)	GO:BP	GO:0065008	regulation of biological quality	1.2807839474718281e-17	3180	567	151	25907	['GO:0065007']
ipsi_vs_contra_in_ff	bend-point selected genes (log2FC > 0)	GO:BP	GO:0030154	cell differentiation	7.244755378714866e-17	4795	567	196	25907	['GO:0048869']
ipsi_vs_contra_in_ff	bend-point selected genes (log2FC > 0)	GO:BP	GO:0048869	cellular developmental process	7.422095883355012e-17	4796	567	196	25907	['GO:0009987', 'GO:0032502']
ipsi_vs_contra_in_ff	bend-point selected genes (log2FC > 0)	GO:BP	GO:0032879	regulation of localization	2.0377515647009842e-16	2108	567	114	25907	['GO:0050789', 'GO:0051179']
ipsi_vs_contra_in_ff	bend-point selected genes (log2FC > 0)	GO:BP	GO:0048585	negative regulation of response to stimulus	2.915083579307938e-16	1655	567	98	25907	['GO:0048519', 'GO:0048583', 'GO:0050896']
ipsi_vs_contra_in_ff	bend-point selected genes (log2FC > 0)	GO:BP	GO:0009968	negative regulation of signal transduction	4.759563570983107e-16	1286	567	84	25907	['GO:0007165', 'GO:0009966', 'GO:0010648', 'GO:0023057', 'GO:0048585']
ipsi_vs_contra_in_ff	bend-point selected genes (log2FC > 0)	GO:BP	GO:0032501	multicellular organismal process	6.644061214251862e-16	8499	567	288	25907	['GO:0008150']
ipsi_vs_contra_in_ff	bend-point selected genes (log2FC > 0)	GO:BP	GO:0009653	anatomical structure morphogenesis	1.2683811887470054e-15	2781	567	134	25907	['GO:0032502', 'GO:0048856']
ipsi_vs_contra_in_ff	bend-point selected genes (log2FC > 0)	GO:BP	GO:0007399	nervous system development	1.377416935324741e-15	2593	567	128	25907	['GO:0048731']
ipsi_vs_contra_in_ff	bend-point selected genes (log2FC > 0)	GO:BP	GO:0006915	apoptotic process	1.5487453166530261e-15	2015	567	109	25907	['GO:0012501']
ipsi_vs_contra_in_ff	bend-point selected genes (log2FC > 0)	GO:BP	GO:0008219	cell death	1.9549504165568078e-15	2081	567	111	25907	['GO:0009987']
ipsi_vs_contra_in_ff	bend-point selected genes (log2FC > 0)	GO:BP	GO:0012501	programmed cell death	1.9549504165568078e-15	2081	567	111	25907	['GO:0008219']
ipsi_vs_contra_in_ff	bend-point selected genes (log2FC > 0)	GO:BP	GO:0023052	signaling	8.73600631889716e-15	7443	567	259	25907	['GO:0050789']
ipsi_vs_contra_in_ff	bend-point selected genes (log2FC > 0)	GO:BP	GO:0141124	intracellular signaling cassette	1.0413154838636001e-14	1773	567	99	25907	['GO:0035556']
ipsi_vs_contra_in_ff	bend-point selected genes (log2FC > 0)	GO:BP	GO:0019538	protein metabolic process	1.154714848959408e-14	4467	567	181	25907	['GO:0043170', 'GO:0044238']
ipsi_vs_contra_in_ff	bend-point selected genes (log2FC > 0)	GO:BP	GO:0080090	regulation of primary metabolic process	1.5579680564278844e-14	5176	567	200	25907	['GO:0019222', 'GO:0044238']
ipsi_vs_contra_in_ff	bend-point selected genes (log2FC > 0)	GO:BP	GO:0007154	cell communication	3.3635302269295356e-14	7475	567	258	25907	['GO:0009987']
ipsi_vs_contra_in_ff	bend-point selected genes (log2FC > 0)	GO:BP	GO:0022008	neurogenesis	4.6310643306854925e-14	1931	567	103	25907	['GO:0007399', 'GO:0030154']
ipsi_vs_contra_in_ff	bend-point selected genes (log2FC > 0)	GO:BP	GO:0051716	cellular response to stimulus	4.649447691629649e-14	8484	567	282	25907	['GO:0009987', 'GO:0050896']
ipsi_vs_contra_in_ff	bend-point selected genes (log2FC > 0)	GO:BP	GO:0060255	regulation of macromolecule metabolic process	5.846704187524785e-14	6153	567	224	25907	['GO:0019222', 'GO:0043170']
ipsi_vs_contra_in_ff	bend-point selected genes (log2FC > 0)	GO:BP	GO:0016477	cell migration	7.956564333089527e-14	1539	567	89	25907	['GO:0048870']
ipsi_vs_contra_in_ff	bend-point selected genes (log2FC > 0)	GO:BP	GO:0019222	regulation of metabolic process	7.999106040009341e-14	6679	567	237	25907	['GO:0008152', 'GO:0050794']
ipsi_vs_contra_in_ff	bend-point selected genes (log2FC > 0)	GO:BP	GO:0050793	regulation of developmental process	1.791869021354225e-13	2689	567	126	25907	['GO:0032502', 'GO:0050789']
ipsi_vs_contra_in_ff	bend-point selected genes (log2FC > 0)	GO:BP	GO:0051049	regulation of transport	2.217406605846807e-13	1709	567	94	25907	['GO:0006810', 'GO:0032879']
ipsi_vs_contra_in_ff	bend-point selected genes (log2FC > 0)	GO:BP	GO:1902531	regulation of intracellular signal transduction	2.3706578252734656e-13	1858	567	99	25907	['GO:0009966', 'GO:0035556']
ipsi_vs_contra_in_ff	bend-point selected genes (log2FC > 0)	GO:BP	GO:0010557	positive regulation of macromolecule biosynthetic process	2.466181373669571e-13	2571	567	122	25907	['GO:0009059', 'GO:0009891', 'GO:0010556', 'GO:0010604']
ipsi_vs_contra_in_ff	bend-point selected genes (log2FC > 0)	GO:BP	GO:0007165	signal transduction	3.879316377839224e-13	6843	567	239	25907	['GO:0007154', 'GO:0009987', 'GO:0023052', 'GO:0050794', 'GO:0051716']
ipsi_vs_contra_in_ff	bend-point selected genes (log2FC > 0)	GO:BP	GO:0009719	response to endogenous stimulus	6.099369118571572e-13	1620	567	90	25907	['GO:0050896']
ipsi_vs_contra_in_ff	bend-point selected genes (log2FC > 0)	GO:BP	GO:0043067	regulation of programmed cell death	7.355758077188925e-13	1654	567	91	25907	['GO:0012501', 'GO:0050794']
ipsi_vs_contra_in_ff	bend-point selected genes (log2FC > 0)	GO:BP	GO:0048513	animal organ development	7.379120810411791e-13	3272	567	142	25907	['GO:0048856']
ipsi_vs_contra_in_ff	bend-point selected genes (log2FC > 0)	GO:BP	GO:0006796	phosphate-containing compound metabolic process	8.559623351887445e-13	2232	567	110	25907	['GO:0006793']
ipsi_vs_contra_in_ff	bend-point selected genes (log2FC > 0)	GO:BP	GO:0006793	phosphorus metabolic process	9.402427075739795e-13	2235	567	110	25907	['GO:0008152']
ipsi_vs_contra_in_ff	bend-point selected genes (log2FC > 0)	GO:BP	GO:0042981	regulation of apoptotic process	1.1510939849902284e-12	1608	567	89	25907	['GO:0006915', 'GO:0043067']
ipsi_vs_contra_in_ff	bend-point selected genes (log2FC > 0)	GO:BP	GO:0009891	positive regulation of biosynthetic process	1.4434234959396688e-12	2697	567	124	25907	['GO:0009058', 'GO:0009889', 'GO:0009893']
ipsi_vs_contra_in_ff	bend-point selected genes (log2FC > 0)	GO:BP	GO:0048468	cell development	1.5488681662441638e-12	3233	567	140	25907	['GO:0030154', 'GO:0048856', 'GO:0048869']
ipsi_vs_contra_in_ff	bend-point selected genes (log2FC > 0)	GO:BP	GO:0045935	positive regulation of nucleobase-containing compound metabolic process	4.726222461215394e-12	2007	567	101	25907	['GO:0006139', 'GO:0009893', 'GO:0019219']
ipsi_vs_contra_in_ff	bend-point selected genes (log2FC > 0)	GO:BP	GO:0051240	positive regulation of multicellular organismal process	1.8628095733887907e-11	1775	567	92	25907	['GO:0032501', 'GO:0048518', 'GO:0051239']
ipsi_vs_contra_in_ff	bend-point selected genes (log2FC > 0)	GO:BP	GO:0043069	negative regulation of programmed cell death	1.9785131646942378e-11	1039	567	66	25907	['GO:0012501', 'GO:0043067', 'GO:0048523']
ipsi_vs_contra_in_ff	bend-point selected genes (log2FC > 0)	GO:BP	GO:0016310	phosphorylation	4.1848112456176283e-11	1191	567	71	25907	['GO:0006796']
ipsi_vs_contra_in_ff	bend-point selected genes (log2FC > 0)	GO:BP	GO:0006952	defense response	4.281997602173795e-11	1800	567	92	25907	['GO:0006950']
ipsi_vs_contra_in_ff	bend-point selected genes (log2FC > 0)	GO:BP	GO:0048584	positive regulation of response to stimulus	4.936293763399044e-11	2336	567	109	25907	['GO:0048518', 'GO:0048583', 'GO:0050896']
ipsi_vs_contra_in_ff	bend-point selected genes (log2FC > 0)	GO:BP	GO:0043066	negative regulation of apoptotic process	5.1188292420574944e-11	1007	567	64	25907	['GO:0006915', 'GO:0042981', 'GO:0043069']
ipsi_vs_contra_in_ff	bend-point selected genes (log2FC > 0)	GO:BP	GO:0051254	positive regulation of RNA metabolic process	6.551166961537357e-11	1813	567	92	25907	['GO:0010604', 'GO:0016070', 'GO:0045935', 'GO:0051252']
ipsi_vs_contra_in_ff	bend-point selected genes (log2FC > 0)	GO:BP	GO:0051641	cellular localization	6.84262033283258e-11	3493	567	143	25907	['GO:0009987', 'GO:0051179']
ipsi_vs_contra_in_ff	bend-point selected genes (log2FC > 0)	GO:BP	GO:0051241	negative regulation of multicellular organismal process	9.995134141080903e-11	1157	567	69	25907	['GO:0032501', 'GO:0048519', 'GO:0051239']
ipsi_vs_contra_in_ff	bend-point selected genes (log2FC > 0)	GO:BP	GO:0006468	protein phosphorylation	1.1157645367436157e-10	1105	567	67	25907	['GO:0016310', 'GO:0036211']
ipsi_vs_contra_in_ff	bend-point selected genes (log2FC > 0)	GO:BP	GO:1902680	positive regulation of RNA biosynthetic process	1.1920088417076007e-10	1680	567	87	25907	['GO:0010557', 'GO:0032774', 'GO:0051254', 'GO:2001141']
ipsi_vs_contra_in_ff	bend-point selected genes (log2FC > 0)	GO:BP	GO:0051094	positive regulation of developmental process	1.5346713967940079e-10	1480	567	80	25907	['GO:0032502', 'GO:0048518', 'GO:0050793']
ipsi_vs_contra_in_ff	bend-point selected genes (log2FC > 0)	GO:BP	GO:0097190	apoptotic signaling pathway	1.8456377235065015e-10	608	567	47	25907	['GO:0006915', 'GO:0007165']
ipsi_vs_contra_in_ff	bend-point selected genes (log2FC > 0)	GO:BP	GO:0051246	regulation of protein metabolic process	2.1062698890436408e-10	1667	567	86	25907	['GO:0019538', 'GO:0060255', 'GO:0080090']
ipsi_vs_contra_in_ff	bend-point selected genes (log2FC > 0)	GO:BP	GO:0010556	regulation of macromolecule biosynthetic process	2.134355220719771e-10	5426	567	194	25907	['GO:0009059', 'GO:0009889', 'GO:0060255']
ipsi_vs_contra_in_ff	bend-point selected genes (log2FC > 0)	GO:BP	GO:0008283	cell population proliferation	2.3536985721951533e-10	2103	567	100	25907	['GO:0009987']
ipsi_vs_contra_in_ff	bend-point selected genes (log2FC > 0)	GO:BP	GO:0030182	neuron differentiation	3.028251078322051e-10	1588	567	83	25907	['GO:0030154', 'GO:0048699']
ipsi_vs_contra_in_ff	bend-point selected genes (log2FC > 0)	GO:BP	GO:0045893	positive regulation of DNA-templated transcription	3.031727362213454e-10	1678	567	86	25907	['GO:0006351', 'GO:0006355', 'GO:1902680']
ipsi_vs_contra_in_ff	bend-point selected genes (log2FC > 0)	GO:BP	GO:0070848	response to growth factor	3.2908651067099093e-10	763	567	53	25907	['GO:0009719']
ipsi_vs_contra_in_ff	bend-point selected genes (log2FC > 0)	GO:BP	GO:0048870	cell motility	3.4782759285798423e-10	1804	567	90	25907	['GO:0009987']
ipsi_vs_contra_in_ff	bend-point selected genes (log2FC > 0)	GO:BP	GO:0010468	regulation of gene expression	4.888164378909292e-10	5318	567	190	25907	['GO:0010467', 'GO:0010556']
ipsi_vs_contra_in_ff	bend-point selected genes (log2FC > 0)	GO:BP	GO:0009605	response to external stimulus	5.568661999901139e-10	2589	567	114	25907	['GO:0050896']
ipsi_vs_contra_in_ff	bend-point selected genes (log2FC > 0)	GO:BP	GO:0048699	generation of neurons	6.695875924374114e-10	1672	567	85	25907	['GO:0022008']
ipsi_vs_contra_in_ff	bend-point selected genes (log2FC > 0)	GO:BP	GO:0051128	regulation of cellular component organization	8.066385122016948e-10	2537	567	112	25907	['GO:0016043', 'GO:0050794']
ipsi_vs_contra_in_ff	bend-point selected genes (log2FC > 0)	GO:BP	GO:0071363	cellular response to growth factor stimulus	8.259252943021129e-10	731	567	51	25907	['GO:0070848', 'GO:0071495']
ipsi_vs_contra_in_ff	bend-point selected genes (log2FC > 0)	GO:BP	GO:0036211	protein modification process	8.715040789869968e-10	2540	567	112	25907	['GO:0019538', 'GO:0043412']
ipsi_vs_contra_in_ff	bend-point selected genes (log2FC > 0)	GO:BP	GO:0009889	regulation of biosynthetic process	8.935598558458836e-10	5622	567	197	25907	['GO:0009058', 'GO:0019222']
ipsi_vs_contra_in_ff	bend-point selected genes (log2FC > 0)	GO:BP	GO:1902532	negative regulation of intracellular signal transduction	1.1188622844626382e-09	639	567	47	25907	['GO:0009968', 'GO:0035556', 'GO:1902531']
ipsi_vs_contra_in_ff	bend-point selected genes (log2FC > 0)	GO:BP	GO:0043412	macromolecule modification	1.492216733724773e-09	2695	567	116	25907	['GO:0043170']
ipsi_vs_contra_in_ff	bend-point selected genes (log2FC > 0)	GO:BP	GO:0045944	positive regulation of transcription by RNA polymerase II	1.7286302929570643e-09	1286	567	71	25907	['GO:0006357', 'GO:0006366', 'GO:0045893']
ipsi_vs_contra_in_ff	bend-point selected genes (log2FC > 0)	GO:BP	GO:0045595	regulation of cell differentiation	2.1958102920414002e-09	1740	567	86	25907	['GO:0030154', 'GO:0050793', 'GO:0050794']
ipsi_vs_contra_in_ff	bend-point selected genes (log2FC > 0)	GO:BP	GO:0051050	positive regulation of transport	2.661930397838454e-09	936	567	58	25907	['GO:0006810', 'GO:0048518', 'GO:0051049']
ipsi_vs_contra_in_ff	bend-point selected genes (log2FC > 0)	GO:BP	GO:0007167	enzyme-linked receptor protein signaling pathway	2.8037783691309756e-09	964	567	59	25907	['GO:0007166']
ipsi_vs_contra_in_ff	bend-point selected genes (log2FC > 0)	GO:BP	GO:0006357	regulation of transcription by RNA polymerase II	3.5354924824293828e-09	2462	567	108	25907	['GO:0006355', 'GO:0006366']
ipsi_vs_contra_in_ff	bend-point selected genes (log2FC > 0)	GO:BP	GO:0040012	regulation of locomotion	3.856848279349083e-09	1081	567	63	25907	['GO:0040011', 'GO:0050789']
ipsi_vs_contra_in_ff	bend-point selected genes (log2FC > 0)	GO:BP	GO:0030334	regulation of cell migration	5.089403665895058e-09	978	567	59	25907	['GO:0016477', 'GO:2000145']
ipsi_vs_contra_in_ff	bend-point selected genes (log2FC > 0)	GO:BP	GO:0002376	immune system process	5.100215496961903e-09	2848	567	119	25907	['GO:0008150']
ipsi_vs_contra_in_ff	bend-point selected genes (log2FC > 0)	GO:BP	GO:2000145	regulation of cell motility	5.381345970185573e-09	1034	567	61	25907	['GO:0040012', 'GO:0048870', 'GO:0050794']
ipsi_vs_contra_in_ff	bend-point selected genes (log2FC > 0)	GO:BP	GO:2000026	regulation of multicellular organismal development	9.732698416564788e-09	1543	567	78	25907	['GO:0007275', 'GO:0050793', 'GO:0051239']
ipsi_vs_contra_in_ff	bend-point selected genes (log2FC > 0)	GO:BP	GO:0032940	secretion by cell	1.0048523633235369e-08	913	567	56	25907	['GO:0046903', 'GO:0140352']
ipsi_vs_contra_in_ff	bend-point selected genes (log2FC > 0)	GO:BP	GO:0033036	macromolecule localization	1.0897172874521569e-08	3054	567	124	25907	['GO:0051179']
ipsi_vs_contra_in_ff	bend-point selected genes (log2FC > 0)	GO:BP	GO:0019219	regulation of nucleobase-containing compound metabolic process	1.1878412975045413e-08	3842	567	146	25907	['GO:0006139', 'GO:0080090']
ipsi_vs_contra_in_ff	bend-point selected genes (log2FC > 0)	GO:BP	GO:0044419	biological process involved in interspecies interaction between organisms	1.6314416015614946e-08	1870	567	88	25907	['GO:0008150']
ipsi_vs_contra_in_ff	bend-point selected genes (log2FC > 0)	GO:BP	GO:0060341	regulation of cellular localization	2.0761267263808592e-08	1068	567	61	25907	['GO:0032879', 'GO:0050794', 'GO:0051641']
ipsi_vs_contra_in_ff	bend-point selected genes (log2FC > 0)	GO:BP	GO:0046903	secretion	2.1580206540996285e-08	1069	567	61	25907	['GO:0006810']
ipsi_vs_contra_in_ff	bend-point selected genes (log2FC > 0)	GO:BP	GO:0001932	regulation of protein phosphorylation	2.4014473083911198e-08	672	567	46	25907	['GO:0006468', 'GO:0031399', 'GO:0042325']
ipsi_vs_contra_in_ff	bend-point selected genes (log2FC > 0)	GO:BP	GO:0071495	cellular response to endogenous stimulus	2.5105584340499717e-08	1303	567	69	25907	['GO:0009719']
ipsi_vs_contra_in_ff	bend-point selected genes (log2FC > 0)	GO:BP	GO:0010628	positive regulation of gene expression	2.5523515706559122e-08	1216	567	66	25907	['GO:0010467', 'GO:0010468', 'GO:0010557']
ipsi_vs_contra_in_ff	bend-point selected genes (log2FC > 0)	GO:BP	GO:0006366	transcription by RNA polymerase II	3.2277015857208784e-08	2552	567	108	25907	['GO:0006351']
ipsi_vs_contra_in_ff	bend-point selected genes (log2FC > 0)	GO:BP	GO:0007169	cell surface receptor protein tyrosine kinase signaling pathway	3.496643236666758e-08	605	567	43	25907	['GO:0007167']
ipsi_vs_contra_in_ff	bend-point selected genes (log2FC > 0)	GO:BP	GO:0022603	regulation of anatomical structure morphogenesis	3.7544001433300014e-08	890	567	54	25907	['GO:0009653', 'GO:0050793']
ipsi_vs_contra_in_ff	bend-point selected genes (log2FC > 0)	GO:BP	GO:0032101	regulation of response to external stimulus	4.508738225407586e-08	1032	567	59	25907	['GO:0009605', 'GO:0048583']
ipsi_vs_contra_in_ff	bend-point selected genes (log2FC > 0)	GO:BP	GO:0033554	cellular response to stress	4.9246499861649354e-08	1814	567	85	25907	['GO:0006950', 'GO:0051716']
ipsi_vs_contra_in_ff	bend-point selected genes (log2FC > 0)	GO:BP	GO:0040011	locomotion	4.948586724391871e-08	1264	567	67	25907	['GO:0008150']
ipsi_vs_contra_in_ff	bend-point selected genes (log2FC > 0)	GO:BP	GO:0080134	regulation of response to stress	6.054219967879772e-08	1329	567	69	25907	['GO:0006950', 'GO:0048583']
ipsi_vs_contra_in_ff	bend-point selected genes (log2FC > 0)	GO:BP	GO:0140352	export from cell	6.350902667322863e-08	985	567	57	25907	['GO:0006810', 'GO:0009987']
ipsi_vs_contra_in_ff	bend-point selected genes (log2FC > 0)	GO:BP	GO:0042325	regulation of phosphorylation	6.59367903776724e-08	718	567	47	25907	['GO:0016310', 'GO:0019220']
ipsi_vs_contra_in_ff	bend-point selected genes (log2FC > 0)	GO:BP	GO:0032880	regulation of protein localization	6.792494656394537e-08	959	567	56	25907	['GO:0008104', 'GO:0060341']
ipsi_vs_contra_in_ff	bend-point selected genes (log2FC > 0)	GO:BP	GO:0042127	regulation of cell population proliferation	7.923878934235611e-08	1736	567	82	25907	['GO:0008283', 'GO:0050794']
ipsi_vs_contra_in_ff	bend-point selected genes (log2FC > 0)	GO:BP	GO:0002682	regulation of immune system process	9.480378269276295e-08	1586	567	77	25907	['GO:0002376', 'GO:0050789']
ipsi_vs_contra_in_ff	bend-point selected genes (log2FC > 0)	GO:BP	GO:0009987	cellular process	1.035819000304487e-07	21471	567	523	25907	['GO:0008150']
ipsi_vs_contra_in_ff	bend-point selected genes (log2FC > 0)	GO:BP	GO:0070727	cellular macromolecule localization	1.0585622950012386e-07	2603	567	108	25907	['GO:0033036', 'GO:0051641']
ipsi_vs_contra_in_ff	bend-point selected genes (log2FC > 0)	GO:BP	GO:1901700	response to oxygen-containing compound	1.0823552167827968e-07	1971	567	89	25907	['GO:0042221']
ipsi_vs_contra_in_ff	bend-point selected genes (log2FC > 0)	GO:BP	GO:0070887	cellular response to chemical stimulus	1.1851031600778108e-07	2438	567	103	25907	['GO:0042221', 'GO:0051716']
ipsi_vs_contra_in_ff	bend-point selected genes (log2FC > 0)	GO:BP	GO:0031175	neuron projection development	1.2126164474147615e-07	1144	567	62	25907	['GO:0048666', 'GO:0120036']
ipsi_vs_contra_in_ff	bend-point selected genes (log2FC > 0)	GO:BP	GO:0071705	nitrogen compound transport	1.4237967570393088e-07	1949	567	88	25907	['GO:0006810']
ipsi_vs_contra_in_ff	bend-point selected genes (log2FC > 0)	GO:BP	GO:0009888	tissue development	1.5691315758681438e-07	2116	567	93	25907	['GO:0048856']
ipsi_vs_contra_in_ff	bend-point selected genes (log2FC > 0)	GO:BP	GO:0019220	regulation of phosphate metabolic process	1.716345109727099e-07	845	567	51	25907	['GO:0006796', 'GO:0051174']
ipsi_vs_contra_in_ff	bend-point selected genes (log2FC > 0)	GO:BP	GO:0023056	positive regulation of signaling	1.7573913804915023e-07	1957	567	88	25907	['GO:0023051', 'GO:0023052', 'GO:0048518']
ipsi_vs_contra_in_ff	bend-point selected genes (log2FC > 0)	GO:BP	GO:0048666	neuron development	1.7739176774489526e-07	1302	567	67	25907	['GO:0030182', 'GO:0048468']
ipsi_vs_contra_in_ff	bend-point selected genes (log2FC > 0)	GO:BP	GO:0008104	protein localization	1.7934825529064604e-07	2592	567	107	25907	['GO:0070727']
ipsi_vs_contra_in_ff	bend-point selected genes (log2FC > 0)	GO:BP	GO:0051174	regulation of phosphorus metabolic process	1.8664960680716776e-07	847	567	51	25907	['GO:0006793', 'GO:0019222']
ipsi_vs_contra_in_ff	bend-point selected genes (log2FC > 0)	GO:BP	GO:0009967	positive regulation of signal transduction	1.8750891411862428e-07	1578	567	76	25907	['GO:0007165', 'GO:0009966', 'GO:0010647', 'GO:0023056', 'GO:0048584']
ipsi_vs_contra_in_ff	bend-point selected genes (log2FC > 0)	GO:BP	GO:0120036	plasma membrane bounded cell projection organization	2.434985175231694e-07	1681	567	79	25907	['GO:0030030']
ipsi_vs_contra_in_ff	bend-point selected genes (log2FC > 0)	GO:BP	GO:0051649	establishment of localization in cell	2.508776096543943e-07	2036	567	90	25907	['GO:0051234', 'GO:0051641']
ipsi_vs_contra_in_ff	bend-point selected genes (log2FC > 0)	GO:BP	GO:0043207	response to external biotic stimulus	2.5508026834660863e-07	1746	567	81	25907	['GO:0009605', 'GO:0009607']
ipsi_vs_contra_in_ff	bend-point selected genes (log2FC > 0)	GO:BP	GO:0071840	cellular component organization or biogenesis	3.2235882381585255e-07	7867	567	243	25907	['GO:0009987']
ipsi_vs_contra_in_ff	bend-point selected genes (log2FC > 0)	GO:BP	GO:0009607	response to biotic stimulus	3.272011408102013e-07	1787	567	82	25907	['GO:0050896']
ipsi_vs_contra_in_ff	bend-point selected genes (log2FC > 0)	GO:BP	GO:0051252	regulation of RNA metabolic process	3.591782416859471e-07	3545	567	133	25907	['GO:0016070', 'GO:0019219', 'GO:0060255']
ipsi_vs_contra_in_ff	bend-point selected genes (log2FC > 0)	GO:BP	GO:0043068	positive regulation of programmed cell death	3.6627198979218457e-07	626	567	42	25907	['GO:0012501', 'GO:0043067', 'GO:0048522']
ipsi_vs_contra_in_ff	bend-point selected genes (log2FC > 0)	GO:BP	GO:0097193	intrinsic apoptotic signaling pathway	3.991892619577088e-07	303	567	28	25907	['GO:0035556', 'GO:0097190']
ipsi_vs_contra_in_ff	bend-point selected genes (log2FC > 0)	GO:BP	GO:0010647	positive regulation of cell communication	4.08527463570257e-07	1957	567	87	25907	['GO:0007154', 'GO:0010646', 'GO:0048522']
ipsi_vs_contra_in_ff	bend-point selected genes (log2FC > 0)	GO:BP	GO:0001817	regulation of cytokine production	4.6435535172587154e-07	761	567	47	25907	['GO:0001816', 'GO:0010468', 'GO:0051239']
ipsi_vs_contra_in_ff	bend-point selected genes (log2FC > 0)	GO:BP	GO:1901698	response to nitrogen compound	4.6835789846467544e-07	1183	567	62	25907	['GO:0042221']
ipsi_vs_contra_in_ff	bend-point selected genes (log2FC > 0)	GO:BP	GO:0098657	import into cell	5.269240376489817e-07	900	567	52	25907	['GO:0006810']
ipsi_vs_contra_in_ff	bend-point selected genes (log2FC > 0)	GO:BP	GO:0009892	negative regulation of metabolic process	5.284514349690442e-07	3204	567	123	25907	['GO:0008152', 'GO:0019222', 'GO:0048523']
ipsi_vs_contra_in_ff	bend-point selected genes (log2FC > 0)	GO:BP	GO:0051707	response to other organism	5.467603037498759e-07	1742	567	80	25907	['GO:0043207', 'GO:0044419']
ipsi_vs_contra_in_ff	bend-point selected genes (log2FC > 0)	GO:BP	GO:0043065	positive regulation of apoptotic process	5.777917486727784e-07	610	567	41	25907	['GO:0006915', 'GO:0042981', 'GO:0043068']
ipsi_vs_contra_in_ff	bend-point selected genes (log2FC > 0)	GO:BP	GO:0001816	cytokine production	6.017314738437198e-07	767	567	47	25907	['GO:0010467', 'GO:0032501']
ipsi_vs_contra_in_ff	bend-point selected genes (log2FC > 0)	GO:BP	GO:2001141	regulation of RNA biosynthetic process	7.245702802517024e-07	3292	567	125	25907	['GO:0010556', 'GO:0032774', 'GO:0051252']
ipsi_vs_contra_in_ff	bend-point selected genes (log2FC > 0)	GO:BP	GO:0045597	positive regulation of cell differentiation	7.717527509259398e-07	966	567	54	25907	['GO:0030154', 'GO:0045595', 'GO:0048522', 'GO:0051094']
ipsi_vs_contra_in_ff	bend-point selected genes (log2FC > 0)	GO:BP	GO:0030030	cell projection organization	7.975230680317803e-07	1724	567	79	25907	['GO:0016043']
ipsi_vs_contra_in_ff	bend-point selected genes (log2FC > 0)	KEGG	KEGG:04010	MAPK signaling pathway	8.575071340973318e-07	301	283	30	9330	['KEGG:00000']
ipsi_vs_contra_in_ff	bend-point selected genes (log2FC > 0)	GO:BP	GO:0016043	cellular component organization	1.1293354455285643e-06	7668	567	236	25907	['GO:0071840']
ipsi_vs_contra_in_ff	bend-point selected genes (log2FC > 0)	GO:BP	GO:0006355	regulation of DNA-templated transcription	1.218294251099949e-06	3283	567	124	25907	['GO:0006351', 'GO:0010468', 'GO:2001141']
ipsi_vs_contra_in_ff	bend-point selected genes (log2FC > 0)	GO:BP	GO:0031347	regulation of defense response	1.9536531528309926e-06	768	567	46	25907	['GO:0006952', 'GO:0080134']
ipsi_vs_contra_in_ff	bend-point selected genes (log2FC > 0)	GO:BP	GO:1903829	positive regulation of protein localization	1.9985566343205713e-06	510	567	36	25907	['GO:0008104', 'GO:0032880', 'GO:0048522']
ipsi_vs_contra_in_ff	bend-point selected genes (log2FC > 0)	GO:BP	GO:0031399	regulation of protein modification process	2.175876856840292e-06	909	567	51	25907	['GO:0036211', 'GO:0051246']
ipsi_vs_contra_in_ff	bend-point selected genes (log2FC > 0)	GO:BP	GO:0015031	protein transport	2.410981504328077e-06	1448	567	69	25907	['GO:0045184', 'GO:0071705']
ipsi_vs_contra_in_ff	bend-point selected genes (log2FC > 0)	GO:BP	GO:0006351	DNA-templated transcription	3.118951201777714e-06	3406	567	126	25907	['GO:0010467', 'GO:0032774']
ipsi_vs_contra_in_ff	bend-point selected genes (log2FC > 0)	GO:BP	GO:0006954	inflammatory response	3.533386320957883e-06	810	567	47	25907	['GO:0006952']
ipsi_vs_contra_in_ff	bend-point selected genes (log2FC > 0)	GO:BP	GO:0010605	negative regulation of macromolecule metabolic process	3.7305460035794406e-06	2982	567	114	25907	['GO:0009892', 'GO:0043170', 'GO:0060255']
ipsi_vs_contra_in_ff	bend-point selected genes (log2FC > 0)	GO:BP	GO:2001234	negative regulation of apoptotic signaling pathway	4.4263675250789065e-06	232	567	23	25907	['GO:0009968', 'GO:0043066', 'GO:0097190', 'GO:2001233']
ipsi_vs_contra_in_ff	bend-point selected genes (log2FC > 0)	GO:BP	GO:0007264	small GTPase-mediated signal transduction	5.170292371561567e-06	431	567	32	25907	['GO:0141124']
ipsi_vs_contra_in_ff	bend-point selected genes (log2FC > 0)	GO:BP	GO:0014812	muscle cell migration	7.991309508120337e-06	129	567	17	25907	['GO:0016477']
ipsi_vs_contra_in_ff	bend-point selected genes (log2FC > 0)	GO:BP	GO:0051093	negative regulation of developmental process	8.100319077157459e-06	1062	567	55	25907	['GO:0032502', 'GO:0048519', 'GO:0050793']
ipsi_vs_contra_in_ff	bend-point selected genes (log2FC > 0)	GO:BP	GO:0016192	vesicle-mediated transport	8.3210341509299e-06	1524	567	70	25907	['GO:0006810', 'GO:0009987']
ipsi_vs_contra_in_ff	bend-point selected genes (log2FC > 0)	GO:BP	GO:0014909	smooth muscle cell migration	9.108631095097842e-06	114	567	16	25907	['GO:0014812']
ipsi_vs_contra_in_ff	bend-point selected genes (log2FC > 0)	GO:BP	GO:0060284	regulation of cell development	9.52326256873673e-06	921	567	50	25907	['GO:0045595', 'GO:0048468']
ipsi_vs_contra_in_ff	bend-point selected genes (log2FC > 0)	GO:BP	GO:0045184	establishment of protein localization	9.906272754389182e-06	1724	567	76	25907	['GO:0008104', 'GO:0051234']
ipsi_vs_contra_in_ff	bend-point selected genes (log2FC > 0)	GO:BP	GO:0001819	positive regulation of cytokine production	1.1036318964472926e-05	469	567	33	25907	['GO:0001816', 'GO:0001817', 'GO:0010628', 'GO:0051240']
ipsi_vs_contra_in_ff	bend-point selected genes (log2FC > 0)	GO:BP	GO:0007010	cytoskeleton organization	1.1048740240078774e-05	1471	567	68	25907	['GO:0006996']
ipsi_vs_contra_in_ff	bend-point selected genes (log2FC > 0)	GO:BP	GO:1902533	positive regulation of intracellular signal transduction	1.1668720184561464e-05	1103	567	56	25907	['GO:0009967', 'GO:0035556', 'GO:1902531']
ipsi_vs_contra_in_ff	bend-point selected genes (log2FC > 0)	GO:BP	GO:1903530	regulation of secretion by cell	1.2064599233447376e-05	650	567	40	25907	['GO:0032940', 'GO:0050794', 'GO:0051046']
ipsi_vs_contra_in_ff	bend-point selected genes (log2FC > 0)	GO:BP	GO:0014910	regulation of smooth muscle cell migration	1.4490632864783352e-05	102	567	15	25907	['GO:0014909', 'GO:0030334']
ipsi_vs_contra_in_ff	bend-point selected genes (log2FC > 0)	GO:BP	GO:0060429	epithelium development	1.4586575965500637e-05	1293	567	62	25907	['GO:0009888']
ipsi_vs_contra_in_ff	bend-point selected genes (log2FC > 0)	GO:BP	GO:0048638	regulation of developmental growth	1.7041548002583743e-05	358	567	28	25907	['GO:0040008', 'GO:0048589', 'GO:0050793']
ipsi_vs_contra_in_ff	bend-point selected genes (log2FC > 0)	GO:BP	GO:0098542	defense response to other organism	2.1156206836382943e-05	1244	567	60	25907	['GO:0006952', 'GO:0051707']
ipsi_vs_contra_in_ff	bend-point selected genes (log2FC > 0)	GO:BP	GO:1901652	response to peptide	2.2699125755010206e-05	1185	567	58	25907	['GO:0042221']
ipsi_vs_contra_in_ff	bend-point selected genes (log2FC > 0)	GO:BP	GO:0045934	negative regulation of nucleobase-containing compound metabolic process	2.796843059755278e-05	1538	567	69	25907	['GO:0006139', 'GO:0009892', 'GO:0019219']
ipsi_vs_contra_in_ff	bend-point selected genes (log2FC > 0)	GO:BP	GO:0023061	signal release	3.0665814129581274e-05	592	567	37	25907	['GO:0007267', 'GO:0032940']
ipsi_vs_contra_in_ff	bend-point selected genes (log2FC > 0)	GO:BP	GO:0034097	response to cytokine	3.404472022760105e-05	1168	567	57	25907	['GO:1901652']
ipsi_vs_contra_in_ff	bend-point selected genes (log2FC > 0)	GO:BP	GO:0046907	intracellular transport	5.0246157877010144e-05	1337	567	62	25907	['GO:0006810', 'GO:0051641', 'GO:0051649']
ipsi_vs_contra_in_ff	bend-point selected genes (log2FC > 0)	GO:BP	GO:0008285	negative regulation of cell population proliferation	5.142895123676199e-05	685	567	40	25907	['GO:0008283', 'GO:0042127', 'GO:0048523']
ipsi_vs_contra_in_ff	bend-point selected genes (log2FC > 0)	GO:BP	GO:0009890	negative regulation of biosynthetic process	5.2641844527188904e-05	2692	567	102	25907	['GO:0009058', 'GO:0009889', 'GO:0009892']
ipsi_vs_contra_in_ff	bend-point selected genes (log2FC > 0)	GO:BP	GO:0030155	regulation of cell adhesion	5.26656477878598e-05	769	567	43	25907	['GO:0007155', 'GO:0050794']
ipsi_vs_contra_in_ff	bend-point selected genes (log2FC > 0)	GO:BP	GO:0051130	positive regulation of cellular component organization	5.958896619362408e-05	1218	567	58	25907	['GO:0016043', 'GO:0048522', 'GO:0051128']
ipsi_vs_contra_in_ff	bend-point selected genes (log2FC > 0)	GO:BP	GO:0051247	positive regulation of protein metabolic process	6.130202010976832e-05	917	567	48	25907	['GO:0010604', 'GO:0019538', 'GO:0051246']
ipsi_vs_contra_in_ff	bend-point selected genes (log2FC > 0)	GO:BP	GO:0000165	MAPK cascade	6.349443732655499e-05	718	567	41	25907	['GO:0141124']
ipsi_vs_contra_in_ff	bend-point selected genes (log2FC > 0)	GO:BP	GO:0051046	regulation of secretion	7.39916674111311e-05	722	567	41	25907	['GO:0046903', 'GO:0051049']
ipsi_vs_contra_in_ff	bend-point selected genes (log2FC > 0)	GO:BP	GO:0048646	anatomical structure formation involved in morphogenesis	8.368818841932528e-05	1230	567	58	25907	['GO:0009653', 'GO:0032502']
ipsi_vs_contra_in_ff	bend-point selected genes (log2FC > 0)	GO:BP	GO:0031344	regulation of cell projection organization	8.58272014742134e-05	754	567	42	25907	['GO:0030030', 'GO:0051128']
ipsi_vs_contra_in_ff	bend-point selected genes (log2FC > 0)	GO:BP	GO:0010558	negative regulation of macromolecule biosynthetic process	8.584707570893114e-05	2611	567	99	25907	['GO:0009059', 'GO:0009890', 'GO:0010556', 'GO:0010605']
ipsi_vs_contra_in_ff	bend-point selected genes (log2FC > 0)	REAC	REAC:R-MMU-1280215	Cytokine Signaling in Immune system	8.703901335898378e-05	448	295	38	8469	['REAC:R-MMU-168256']
ipsi_vs_contra_in_ff	bend-point selected genes (log2FC > 0)	GO:BP	GO:0045087	innate immune response	0.00010494089237429042	963	567	49	25907	['GO:0006955', 'GO:0140546']
ipsi_vs_contra_in_ff	bend-point selected genes (log2FC > 0)	GO:BP	GO:2001233	regulation of apoptotic signaling pathway	0.00011915327669922239	392	567	28	25907	['GO:0009966', 'GO:0042981', 'GO:0097190']
ipsi_vs_contra_in_ff	bend-point selected genes (log2FC > 0)	GO:BP	GO:0007155	cell adhesion	0.00012375521493917678	1435	567	64	25907	['GO:0009987']
ipsi_vs_contra_in_ff	bend-point selected genes (log2FC > 0)	GO:BP	GO:0045892	negative regulation of DNA-templated transcription	0.00012659010264289475	1308	567	60	25907	['GO:0006351', 'GO:0006355', 'GO:1902679']
ipsi_vs_contra_in_ff	bend-point selected genes (log2FC > 0)	GO:BP	GO:0051248	negative regulation of protein metabolic process	0.00013448823920143022	627	567	37	25907	['GO:0010605', 'GO:0019538', 'GO:0051246']
ipsi_vs_contra_in_ff	bend-point selected genes (log2FC > 0)	GO:BP	GO:0120035	regulation of plasma membrane bounded cell projection organization	0.00013969684474555286	739	567	41	25907	['GO:0031344', 'GO:0120036']
ipsi_vs_contra_in_ff	bend-point selected genes (log2FC > 0)	GO:BP	GO:1902679	negative regulation of RNA biosynthetic process	0.00015657670214297076	1316	567	60	25907	['GO:0010558', 'GO:0032774', 'GO:0051253', 'GO:2001141']
ipsi_vs_contra_in_ff	bend-point selected genes (log2FC > 0)	GO:BP	GO:0035295	tube development	0.00015660452524082243	1190	567	56	25907	['GO:0007275', 'GO:0048856']
ipsi_vs_contra_in_ff	bend-point selected genes (log2FC > 0)	GO:BP	GO:0006897	endocytosis	0.0001568938544286484	686	567	39	25907	['GO:0016192', 'GO:0098657']
ipsi_vs_contra_in_ff	bend-point selected genes (log2FC > 0)	GO:BP	GO:0051253	negative regulation of RNA metabolic process	0.00016462760601346682	1414	567	63	25907	['GO:0010605', 'GO:0016070', 'GO:0045934', 'GO:0051252']
ipsi_vs_contra_in_ff	bend-point selected genes (log2FC > 0)	GO:BP	GO:0140546	defense response to symbiont	0.0001660434583819711	1038	567	51	25907	['GO:0098542']
ipsi_vs_contra_in_ff	bend-point selected genes (log2FC > 0)	GO:BP	GO:0030335	positive regulation of cell migration	0.00017255390848362146	579	567	35	25907	['GO:0016477', 'GO:0030334', 'GO:2000147']
ipsi_vs_contra_in_ff	bend-point selected genes (log2FC > 0)	GO:BP	GO:0008152	metabolic process	0.0001728854841090822	14192	567	372	25907	['GO:0009987']
ipsi_vs_contra_in_ff	bend-point selected genes (log2FC > 0)	GO:BP	GO:0006996	organelle organization	0.00017465161187193957	3494	567	122	25907	['GO:0016043']
ipsi_vs_contra_in_ff	bend-point selected genes (log2FC > 0)	GO:BP	GO:0036010	protein localization to endosome	0.000175239122743993	27	567	8	25907	['GO:0033365']
ipsi_vs_contra_in_ff	bend-point selected genes (log2FC > 0)	GO:BP	GO:0009628	response to abiotic stimulus	0.0001776246401201377	1289	567	59	25907	['GO:0050896']
ipsi_vs_contra_in_ff	bend-point selected genes (log2FC > 0)	GO:BP	GO:0050767	regulation of neurogenesis	0.0002335916937849809	455	567	30	25907	['GO:0022008', 'GO:0051960', 'GO:0060284']
ipsi_vs_contra_in_ff	bend-point selected genes (log2FC > 0)	GO:BP	GO:0009611	response to wounding	0.00025660236306941387	535	567	33	25907	['GO:0006950']
ipsi_vs_contra_in_ff	bend-point selected genes (log2FC > 0)	GO:BP	GO:1903532	positive regulation of secretion by cell	0.00025780429570755245	358	567	26	25907	['GO:0032940', 'GO:0048522', 'GO:0051047', 'GO:1903530']
ipsi_vs_contra_in_ff	bend-point selected genes (log2FC > 0)	GO:BP	GO:0000902	cell morphogenesis	0.00025922299798881386	1053	567	51	25907	['GO:0009653']
ipsi_vs_contra_in_ff	bend-point selected genes (log2FC > 0)	GO:BP	GO:0000122	negative regulation of transcription by RNA polymerase II	0.0002857777013836307	935	567	47	25907	['GO:0006357', 'GO:0006366', 'GO:0045892']
ipsi_vs_contra_in_ff	bend-point selected genes (log2FC > 0)	GO:BP	GO:1901701	cellular response to oxygen-containing compound	0.00031088308142280407	1407	567	62	25907	['GO:0070887', 'GO:1901700']
ipsi_vs_contra_in_ff	bend-point selected genes (log2FC > 0)	GO:BP	GO:0006955	immune response	0.0003329716878407674	1979	567	79	25907	['GO:0002376', 'GO:0050896']
ipsi_vs_contra_in_ff	bend-point selected genes (log2FC > 0)	GO:BP	GO:0040017	positive regulation of locomotion	0.00034083302058001785	623	567	36	25907	['GO:0040011', 'GO:0040012', 'GO:0048518']
ipsi_vs_contra_in_ff	bend-point selected genes (log2FC > 0)	GO:BP	GO:0048598	embryonic morphogenesis	0.0003449588461839079	651	567	37	25907	['GO:0009653', 'GO:0009790']
ipsi_vs_contra_in_ff	bend-point selected genes (log2FC > 0)	GO:BP	GO:0001934	positive regulation of protein phosphorylation	0.00035271563056632867	413	567	28	25907	['GO:0001932', 'GO:0006468', 'GO:0031401', 'GO:0042327']
ipsi_vs_contra_in_ff	bend-point selected genes (log2FC > 0)	GO:BP	GO:0006979	response to oxidative stress	0.0003894942025738597	415	567	28	25907	['GO:0006950']
ipsi_vs_contra_in_ff	bend-point selected genes (log2FC > 0)	GO:BP	GO:0090066	regulation of anatomical structure size	0.0004274079885170166	547	567	33	25907	['GO:0065008']
ipsi_vs_contra_in_ff	bend-point selected genes (log2FC > 0)	GO:BP	GO:0072359	circulatory system development	0.0004631982565547194	1230	567	56	25907	['GO:0048731']
ipsi_vs_contra_in_ff	bend-point selected genes (log2FC > 0)	GO:BP	GO:0042221	response to chemical	0.0004949440247946821	5397	567	169	25907	['GO:0050896']
ipsi_vs_contra_in_ff	bend-point selected genes (log2FC > 0)	GO:BP	GO:2000147	positive regulation of cell motility	0.0004950461430919006	605	567	35	25907	['GO:0040017', 'GO:0048522', 'GO:0048870', 'GO:2000145']
ipsi_vs_contra_in_ff	bend-point selected genes (log2FC > 0)	GO:BP	GO:0055085	transmembrane transport	0.0005005300264439645	1525	567	65	25907	['GO:0006810', 'GO:0009987']
ipsi_vs_contra_in_ff	bend-point selected genes (log2FC > 0)	GO:BP	GO:0070201	regulation of establishment of protein localization	0.0005026647964065989	578	567	34	25907	['GO:0032880', 'GO:0045184']
ipsi_vs_contra_in_ff	bend-point selected genes (log2FC > 0)	GO:BP	GO:0050776	regulation of immune response	0.0005152771217444252	924	567	46	25907	['GO:0002682', 'GO:0006955', 'GO:0048583']
ipsi_vs_contra_in_ff	bend-point selected genes (log2FC > 0)	GO:BP	GO:0040008	regulation of growth	0.000520988391705354	634	567	36	25907	['GO:0040007', 'GO:0050789']
ipsi_vs_contra_in_ff	bend-point selected genes (log2FC > 0)	GO:BP	GO:0009057	macromolecule catabolic process	0.0006107225205823667	1402	567	61	25907	['GO:0009056', 'GO:0043170']
ipsi_vs_contra_in_ff	bend-point selected genes (log2FC > 0)	GO:BP	GO:0032103	positive regulation of response to external stimulus	0.000649647311707474	612	567	35	25907	['GO:0009605', 'GO:0032101', 'GO:0048584']
ipsi_vs_contra_in_ff	bend-point selected genes (log2FC > 0)	GO:BP	GO:0033993	response to lipid	0.0006973093707058343	1119	567	52	25907	['GO:0042221']
ipsi_vs_contra_in_ff	bend-point selected genes (log2FC > 0)	GO:BP	GO:0065009	regulation of molecular function	0.0007225826957709615	728	567	39	25907	['GO:0065007']
ipsi_vs_contra_in_ff	bend-point selected genes (log2FC > 0)	GO:BP	GO:0051960	regulation of nervous system development	0.0007288331568773875	560	567	33	25907	['GO:0007399', 'GO:2000026']
ipsi_vs_contra_in_ff	bend-point selected genes (log2FC > 0)	GO:BP	GO:0009790	embryo development	0.0007582737334629163	1249	567	56	25907	['GO:0007275']
ipsi_vs_contra_in_ff	bend-point selected genes (log2FC > 0)	GO:BP	GO:0009914	hormone transport	0.000779913542341845	404	567	27	25907	['GO:0006810', 'GO:0010817']
ipsi_vs_contra_in_ff	bend-point selected genes (log2FC > 0)	GO:BP	GO:2000146	negative regulation of cell motility	0.0008039872313597264	307	567	23	25907	['GO:0040013', 'GO:0048523', 'GO:0048870', 'GO:2000145']
ipsi_vs_contra_in_ff	bend-point selected genes (log2FC > 0)	GO:BP	GO:1901699	cellular response to nitrogen compound	0.0008525289043274168	704	567	38	25907	['GO:0070887', 'GO:1901698']
ipsi_vs_contra_in_ff	bend-point selected genes (log2FC > 0)	GO:BP	GO:0001525	angiogenesis	0.0008556177972796673	564	567	33	25907	['GO:0048514', 'GO:0048646']
ipsi_vs_contra_in_ff	bend-point selected genes (log2FC > 0)	GO:BP	GO:0051047	positive regulation of secretion	0.0008594708336976056	406	567	27	25907	['GO:0046903', 'GO:0051046', 'GO:0051050']
ipsi_vs_contra_in_ff	bend-point selected genes (log2FC > 0)	KEGG	KEGG:04668	TNF signaling pathway	0.0009970705895338506	115	283	14	9330	['KEGG:00000']
ipsi_vs_contra_in_ff	bend-point selected genes (log2FC > 0)	GO:BP	GO:0002684	positive regulation of immune system process	0.0012443586036089953	1109	567	51	25907	['GO:0002376', 'GO:0002682', 'GO:0048518']
ipsi_vs_contra_in_ff	bend-point selected genes (log2FC > 0)	GO:BP	GO:0061061	muscle structure development	0.0012458911998343167	744	567	39	25907	['GO:0048856']
ipsi_vs_contra_in_ff	bend-point selected genes (log2FC > 0)	GO:BP	GO:0042327	positive regulation of phosphorylation	0.0012718017451071619	440	567	28	25907	['GO:0016310', 'GO:0042325', 'GO:0045937']
ipsi_vs_contra_in_ff	bend-point selected genes (log2FC > 0)	GO:BP	GO:0009725	response to hormone	0.0012737596159119531	1016	567	48	25907	['GO:0009719', 'GO:0042221']
ipsi_vs_contra_in_ff	bend-point selected genes (log2FC > 0)	KEGG	KEGG:05210	Colorectal cancer	0.0013636148269682144	88	283	12	9330	['KEGG:00000']
ipsi_vs_contra_in_ff	bend-point selected genes (log2FC > 0)	GO:BP	GO:0032496	response to lipopolysaccharide	0.0013920666721100085	442	567	28	25907	['GO:0002237', 'GO:0033993', 'GO:1901700']
ipsi_vs_contra_in_ff	bend-point selected genes (log2FC > 0)	GO:BP	GO:0045937	positive regulation of phosphate metabolic process	0.001404952291802751	495	567	30	25907	['GO:0006796', 'GO:0010562', 'GO:0019220']
ipsi_vs_contra_in_ff	bend-point selected genes (log2FC > 0)	GO:BP	GO:0010562	positive regulation of phosphorus metabolic process	0.001404952291802751	495	567	30	25907	['GO:0006793', 'GO:0009893', 'GO:0051174']
ipsi_vs_contra_in_ff	bend-point selected genes (log2FC > 0)	GO:BP	GO:0060627	regulation of vesicle-mediated transport	0.0014237243558030532	577	567	33	25907	['GO:0016192', 'GO:0050794', 'GO:0051049']
ipsi_vs_contra_in_ff	bend-point selected genes (log2FC > 0)	GO:BP	GO:0030336	negative regulation of cell migration	0.001470787311636934	294	567	22	25907	['GO:0016477', 'GO:0030334', 'GO:2000146']
ipsi_vs_contra_in_ff	bend-point selected genes (log2FC > 0)	GO:BP	GO:0001649	osteoblast differentiation	0.0014898871003700108	226	567	19	25907	['GO:0001503', 'GO:0030154']
ipsi_vs_contra_in_ff	bend-point selected genes (log2FC > 0)	GO:BP	GO:0035239	tube morphogenesis	0.0015310955008274911	930	567	45	25907	['GO:0009653', 'GO:0035295']
ipsi_vs_contra_in_ff	bend-point selected genes (log2FC > 0)	GO:BP	GO:0048589	developmental growth	0.00154954033723243	780	567	40	25907	['GO:0032502', 'GO:0040007']
ipsi_vs_contra_in_ff	bend-point selected genes (log2FC > 0)	GO:BP	GO:0033002	muscle cell proliferation	0.0015877600591558978	272	567	21	25907	['GO:0008283']
ipsi_vs_contra_in_ff	bend-point selected genes (log2FC > 0)	GO:BP	GO:0014912	negative regulation of smooth muscle cell migration	0.001592288783043766	35	567	8	25907	['GO:0014909', 'GO:0014910', 'GO:0030336']
ipsi_vs_contra_in_ff	bend-point selected genes (log2FC > 0)	KEGG	KEGG:04210	Apoptosis	0.001613407146483283	136	283	15	9330	['KEGG:00000']
ipsi_vs_contra_in_ff	bend-point selected genes (log2FC > 0)	GO:BP	GO:0031401	positive regulation of protein modification process	0.00163660581302942	553	567	32	25907	['GO:0031399', 'GO:0036211', 'GO:0051247']
ipsi_vs_contra_in_ff	bend-point selected genes (log2FC > 0)	GO:BP	GO:0018193	peptidyl-amino acid modification	0.0016592214855705863	581	567	33	25907	['GO:0036211']
ipsi_vs_contra_in_ff	bend-point selected genes (log2FC > 0)	GO:BP	GO:0009894	regulation of catabolic process	0.0017323472188892342	965	567	46	25907	['GO:0009056', 'GO:0019222']
ipsi_vs_contra_in_ff	bend-point selected genes (log2FC > 0)	GO:BP	GO:0033365	protein localization to organelle	0.0017350168206972175	996	567	47	25907	['GO:0008104']
ipsi_vs_contra_in_ff	bend-point selected genes (log2FC > 0)	GO:BP	GO:0015749	monosaccharide transmembrane transport	0.0018012314877231719	127	567	14	25907	['GO:0034219']
ipsi_vs_contra_in_ff	bend-point selected genes (log2FC > 0)	GO:BP	GO:0009056	catabolic process	0.0018259014622326935	2530	567	92	25907	['GO:0008152']
ipsi_vs_contra_in_ff	bend-point selected genes (log2FC > 0)	GO:BP	GO:0007610	behavior	0.0018779969084549088	786	567	40	25907	['GO:0032501']
ipsi_vs_contra_in_ff	bend-point selected genes (log2FC > 0)	GO:BP	GO:0001503	ossification	0.0019450806361570115	476	567	29	25907	['GO:0032501']
ipsi_vs_contra_in_ff	bend-point selected genes (log2FC > 0)	GO:BP	GO:0040013	negative regulation of locomotion	0.0019514741081554695	323	567	23	25907	['GO:0040011', 'GO:0040012', 'GO:0048519']
ipsi_vs_contra_in_ff	bend-point selected genes (log2FC > 0)	GO:BP	GO:0051223	regulation of protein transport	0.001959517726429986	503	567	30	25907	['GO:0015031', 'GO:0051049', 'GO:0070201']
ipsi_vs_contra_in_ff	bend-point selected genes (log2FC > 0)	GO:BP	GO:0071345	cellular response to cytokine stimulus	0.0019621816241210907	1063	567	49	25907	['GO:0034097']
ipsi_vs_contra_in_ff	bend-point selected genes (log2FC > 0)	GO:BP	GO:0030855	epithelial cell differentiation	0.002040629275422221	759	567	39	25907	['GO:0030154', 'GO:0060429']
ipsi_vs_contra_in_ff	bend-point selected genes (log2FC > 0)	GO:BP	GO:0031349	positive regulation of defense response	0.0021168283107904856	478	567	29	25907	['GO:0006952', 'GO:0031347', 'GO:0048584']
ipsi_vs_contra_in_ff	bend-point selected genes (log2FC > 0)	GO:BP	GO:0009887	animal organ morphogenesis	0.0021486748111478266	1098	567	50	25907	['GO:0009653', 'GO:0048513']
ipsi_vs_contra_in_ff	bend-point selected genes (log2FC > 0)	GO:BP	GO:0007267	cell-cell signaling	0.0026121287757307782	1398	567	59	25907	['GO:0007154', 'GO:0023052']
ipsi_vs_contra_in_ff	bend-point selected genes (log2FC > 0)	GO:BP	GO:0051668	localization within membrane	0.002685913224276595	738	567	38	25907	['GO:0051641']
ipsi_vs_contra_in_ff	bend-point selected genes (log2FC > 0)	GO:BP	GO:0008284	positive regulation of cell population proliferation	0.002815004391766216	1045	567	48	25907	['GO:0008283', 'GO:0042127', 'GO:0048522']
ipsi_vs_contra_in_ff	bend-point selected genes (log2FC > 0)	GO:BP	GO:0002237	response to molecule of bacterial origin	0.0029292420203701954	459	567	28	25907	['GO:0009617', 'GO:0043207']
ipsi_vs_contra_in_ff	bend-point selected genes (log2FC > 0)	GO:BP	GO:0006986	response to unfolded protein	0.0030192255107645673	114	567	13	25907	['GO:0035966']
ipsi_vs_contra_in_ff	bend-point selected genes (log2FC > 0)	GO:BP	GO:0042326	negative regulation of phosphorylation	0.003054561043005041	237	567	19	25907	['GO:0016310', 'GO:0042325', 'GO:0045936']
ipsi_vs_contra_in_ff	bend-point selected genes (log2FC > 0)	GO:BP	GO:0010817	regulation of hormone levels	0.0030782750496713192	626	567	34	25907	['GO:0065008']
ipsi_vs_contra_in_ff	bend-point selected genes (log2FC > 0)	GO:BP	GO:0048511	rhythmic process	0.0031462777517613735	357	567	24	25907	['GO:0008150']
ipsi_vs_contra_in_ff	bend-point selected genes (log2FC > 0)	GO:BP	GO:0031667	response to nutrient levels	0.003256027652435163	571	567	32	25907	['GO:0050896']
ipsi_vs_contra_in_ff	bend-point selected genes (log2FC > 0)	GO:BP	GO:0070059	intrinsic apoptotic signaling pathway in response to endoplasmic reticulum stress	0.003716729684059495	66	567	10	25907	['GO:0034976', 'GO:0097193']
ipsi_vs_contra_in_ff	bend-point selected genes (log2FC > 0)	GO:BP	GO:0031346	positive regulation of cell projection organization	0.0038780864398281372	439	567	27	25907	['GO:0030030', 'GO:0031344', 'GO:0051130']
ipsi_vs_contra_in_ff	bend-point selected genes (log2FC > 0)	GO:BP	GO:0034976	response to endoplasmic reticulum stress	0.0039060000550216927	264	567	20	25907	['GO:0033554']
ipsi_vs_contra_in_ff	bend-point selected genes (log2FC > 0)	GO:BP	GO:0040007	growth	0.003928527721199914	1026	567	47	25907	['GO:0008150']
ipsi_vs_contra_in_ff	bend-point selected genes (log2FC > 0)	GO:BP	GO:0009306	protein secretion	0.003930412323223279	413	567	26	25907	['GO:0015031', 'GO:0032940', 'GO:0035592']
ipsi_vs_contra_in_ff	bend-point selected genes (log2FC > 0)	GO:BP	GO:1904951	positive regulation of establishment of protein localization	0.004458541665403158	339	567	23	25907	['GO:0045184', 'GO:0070201', 'GO:1903829']
ipsi_vs_contra_in_ff	bend-point selected genes (log2FC > 0)	GO:BP	GO:0045446	endothelial cell differentiation	0.00447608549930356	118	567	13	25907	['GO:0003158', 'GO:0030855']
ipsi_vs_contra_in_ff	bend-point selected genes (log2FC > 0)	GO:BP	GO:0035592	establishment of protein localization to extracellular region	0.004490151892756498	416	567	26	25907	['GO:0045184', 'GO:0071692']
ipsi_vs_contra_in_ff	bend-point selected genes (log2FC > 0)	KEGG	KEGG:04151	PI3K-Akt signaling pathway	0.004526371245785924	364	283	26	9330	['KEGG:00000']
ipsi_vs_contra_in_ff	bend-point selected genes (log2FC > 0)	GO:BP	GO:0010975	regulation of neuron projection development	0.004726385393636873	553	567	31	25907	['GO:0031175', 'GO:0120035']
ipsi_vs_contra_in_ff	bend-point selected genes (log2FC > 0)	GO:BP	GO:0030036	actin cytoskeleton organization	0.0047998767128684715	697	567	36	25907	['GO:0007010', 'GO:0030029']
ipsi_vs_contra_in_ff	bend-point selected genes (log2FC > 0)	GO:BP	GO:0045596	negative regulation of cell differentiation	0.004912483849209507	787	567	39	25907	['GO:0030154', 'GO:0045595', 'GO:0048523', 'GO:0051093']
ipsi_vs_contra_in_ff	bend-point selected genes (log2FC > 0)	GO:BP	GO:0022604	regulation of cell morphogenesis	0.00492199911541467	268	567	20	25907	['GO:0000902', 'GO:0022603']
ipsi_vs_contra_in_ff	bend-point selected genes (log2FC > 0)	KEGG	KEGG:05205	Proteoglycans in cancer	0.004988691768578801	204	283	18	9330	['KEGG:00000']
ipsi_vs_contra_in_ff	bend-point selected genes (log2FC > 0)	GO:BP	GO:0046879	hormone secretion	0.005156609975500466	393	567	25	25907	['GO:0009914', 'GO:0023061']
ipsi_vs_contra_in_ff	bend-point selected genes (log2FC > 0)	GO:BP	GO:0034219	carbohydrate transmembrane transport	0.005361643363353021	139	567	14	25907	['GO:0008643', 'GO:0055085']
ipsi_vs_contra_in_ff	bend-point selected genes (log2FC > 0)	GO:BP	GO:0070498	interleukin-1-mediated signaling pathway	0.005411323713049343	29	567	7	25907	['GO:0019221', 'GO:0071347']
ipsi_vs_contra_in_ff	bend-point selected genes (log2FC > 0)	GO:BP	GO:0051051	negative regulation of transport	0.005447852978404703	447	567	27	25907	['GO:0006810', 'GO:0048519', 'GO:0051049']
ipsi_vs_contra_in_ff	bend-point selected genes (log2FC > 0)	KEGG	KEGG:04935	Growth hormone synthesis, secretion and action	0.005556839411109654	117	283	13	9330	['KEGG:00000']
ipsi_vs_contra_in_ff	bend-point selected genes (log2FC > 0)	GO:BP	GO:0010720	positive regulation of cell development	0.005683824368170905	530	567	30	25907	['GO:0045597', 'GO:0048468', 'GO:0060284']
ipsi_vs_contra_in_ff	bend-point selected genes (log2FC > 0)	GO:BP	GO:0044238	primary metabolic process	0.005763985106687614	12513	567	328	25907	['GO:0008152']
ipsi_vs_contra_in_ff	bend-point selected genes (log2FC > 0)	GO:BP	GO:0071692	protein localization to extracellular region	0.005835063998475647	422	567	26	25907	['GO:0008104']
ipsi_vs_contra_in_ff	bend-point selected genes (log2FC > 0)	GO:BP	GO:0001933	negative regulation of protein phosphorylation	0.005949229561588396	225	567	18	25907	['GO:0001932', 'GO:0006468', 'GO:0031400', 'GO:0042326']
ipsi_vs_contra_in_ff	bend-point selected genes (log2FC > 0)	GO:BP	GO:0045088	regulation of innate immune response	0.006092175495273072	423	567	26	25907	['GO:0002831', 'GO:0031347', 'GO:0032101', 'GO:0045087', 'GO:0050776']
ipsi_vs_contra_in_ff	bend-point selected genes (log2FC > 0)	GO:BP	GO:0007266	Rho protein signal transduction	0.006355319197504677	141	567	14	25907	['GO:0007264']
ipsi_vs_contra_in_ff	bend-point selected genes (log2FC > 0)	GO:BP	GO:0046683	response to organophosphorus	0.006355319197504677	141	567	14	25907	['GO:0042221']
ipsi_vs_contra_in_ff	bend-point selected genes (log2FC > 0)	GO:BP	GO:0099173	postsynapse organization	0.006848034813181886	298	567	21	25907	['GO:0016043', 'GO:0050808']
ipsi_vs_contra_in_ff	bend-point selected genes (log2FC > 0)	GO:BP	GO:0001568	blood vessel development	0.007098862458937835	769	567	38	25907	['GO:0001944', 'GO:0048856']
ipsi_vs_contra_in_ff	bend-point selected genes (log2FC > 0)	GO:BP	GO:0014074	response to purine-containing compound	0.0073287994484271075	163	567	15	25907	['GO:1901698']
ipsi_vs_contra_in_ff	bend-point selected genes (log2FC > 0)	GO:BP	GO:0001944	vasculature development	0.007473081798097187	801	567	39	25907	['GO:0048731', 'GO:0072359']
ipsi_vs_contra_in_ff	bend-point selected genes (log2FC > 0)	GO:BP	GO:0008643	carbohydrate transport	0.007509858288876084	143	567	14	25907	['GO:0006810']
ipsi_vs_contra_in_ff	bend-point selected genes (log2FC > 0)	GO:BP	GO:0043408	regulation of MAPK cascade	0.008050959787026375	625	567	33	25907	['GO:0000165', 'GO:1902531']
ipsi_vs_contra_in_ff	bend-point selected genes (log2FC > 0)	KEGG	KEGG:05202	Transcriptional misregulation in cancer	0.008256506261615067	212	283	18	9330	['KEGG:00000']
ipsi_vs_contra_in_ff	bend-point selected genes (log2FC > 0)	GO:BP	GO:0071222	cellular response to lipopolysaccharide	0.008438685850616722	302	567	21	25907	['GO:0032496', 'GO:0071219', 'GO:0071396', 'GO:1901701']
ipsi_vs_contra_in_ff	bend-point selected genes (log2FC > 0)	KEGG	KEGG:04218	Cellular senescence	0.008653238880939235	175	283	16	9330	['KEGG:00000']
ipsi_vs_contra_in_ff	bend-point selected genes (log2FC > 0)	GO:BP	GO:0006886	intracellular protein transport	0.008848237911289896	657	567	34	25907	['GO:0008104', 'GO:0015031', 'GO:0046907']
ipsi_vs_contra_in_ff	bend-point selected genes (log2FC > 0)	GO:BP	GO:0048514	blood vessel morphogenesis	0.01041081348881351	662	567	34	25907	['GO:0001568', 'GO:0035239']
ipsi_vs_contra_in_ff	bend-point selected genes (log2FC > 0)	KEGG	KEGG:05417	Lipid and atherosclerosis	0.01051018901580145	216	283	18	9330	['KEGG:00000']
ipsi_vs_contra_in_ff	bend-point selected genes (log2FC > 0)	GO:BP	GO:0034762	regulation of transmembrane transport	0.010879106004656563	410	567	25	25907	['GO:0050794', 'GO:0051049', 'GO:0055085']
ipsi_vs_contra_in_ff	bend-point selected genes (log2FC > 0)	GO:BP	GO:0045765	regulation of angiogenesis	0.010895912641944467	307	567	21	25907	['GO:0001525', 'GO:0022603', 'GO:1901342']
ipsi_vs_contra_in_ff	bend-point selected genes (log2FC > 0)	GO:BP	GO:0034250	positive regulation of amide metabolic process	0.011023920956705197	32	567	7	25907	['GO:0009893', 'GO:0034248', 'GO:0043603']
ipsi_vs_contra_in_ff	bend-point selected genes (log2FC > 0)	REAC	REAC:R-MMU-449147	Signaling by Interleukins	0.011418054156947844	277	295	24	8469	['REAC:R-MMU-1280215']
ipsi_vs_contra_in_ff	bend-point selected genes (log2FC > 0)	KEGG	KEGG:04931	Insulin resistance	0.011805155099139958	109	283	12	9330	['KEGG:00000']
ipsi_vs_contra_in_ff	bend-point selected genes (log2FC > 0)	GO:BP	GO:0071219	cellular response to molecule of bacterial origin	0.012048467735704381	309	567	21	25907	['GO:0002237', 'GO:0071216']
ipsi_vs_contra_in_ff	bend-point selected genes (log2FC > 0)	GO:BP	GO:0043523	regulation of neuron apoptotic process	0.012048467735704381	309	567	21	25907	['GO:0042981', 'GO:0051402']
ipsi_vs_contra_in_ff	bend-point selected genes (log2FC > 0)	GO:BP	GO:0043434	response to peptide hormone	0.0133917144418352	497	567	28	25907	['GO:0009725', 'GO:1901698', 'GO:1901700']
ipsi_vs_contra_in_ff	bend-point selected genes (log2FC > 0)	GO:BP	GO:0030097	hemopoiesis	0.013739313854276907	1043	567	46	25907	['GO:0048468']
ipsi_vs_contra_in_ff	bend-point selected genes (log2FC > 0)	GO:BP	GO:1905039	carboxylic acid transmembrane transport	0.014220687402071747	151	567	14	25907	['GO:0046942', 'GO:1903825']
ipsi_vs_contra_in_ff	bend-point selected genes (log2FC > 0)	GO:BP	GO:0045936	negative regulation of phosphate metabolic process	0.014596490339728525	288	567	20	25907	['GO:0006796', 'GO:0010563', 'GO:0019220']
ipsi_vs_contra_in_ff	bend-point selected genes (log2FC > 0)	GO:BP	GO:0010563	negative regulation of phosphorus metabolic process	0.014596490339728525	288	567	20	25907	['GO:0006793', 'GO:0009892', 'GO:0051174']
ipsi_vs_contra_in_ff	bend-point selected genes (log2FC > 0)	GO:BP	GO:0071216	cellular response to biotic stimulus	0.015131578998413497	339	567	22	25907	['GO:0009607', 'GO:0051716']
ipsi_vs_contra_in_ff	bend-point selected genes (log2FC > 0)	GO:BP	GO:1901342	regulation of vasculature development	0.015428813731497121	314	567	21	25907	['GO:0001944', 'GO:2000026']
ipsi_vs_contra_in_ff	bend-point selected genes (log2FC > 0)	GO:BP	GO:0019221	cytokine-mediated signaling pathway	0.01545943121070138	473	567	27	25907	['GO:0007166', 'GO:0071345']
ipsi_vs_contra_in_ff	bend-point selected genes (log2FC > 0)	GO:BP	GO:0035966	response to topologically incorrect protein	0.015692529427990834	132	567	13	25907	['GO:0006950']
ipsi_vs_contra_in_ff	bend-point selected genes (log2FC > 0)	GO:BP	GO:0007162	negative regulation of cell adhesion	0.016176624686572074	290	567	20	25907	['GO:0007155', 'GO:0030155', 'GO:0048523']
ipsi_vs_contra_in_ff	bend-point selected genes (log2FC > 0)	GO:BP	GO:0031400	negative regulation of protein modification process	0.0161999863192746	315	567	21	25907	['GO:0031399', 'GO:0036211', 'GO:0051248']
ipsi_vs_contra_in_ff	bend-point selected genes (log2FC > 0)	GO:BP	GO:0045667	regulation of osteoblast differentiation	0.016567130093604943	153	567	14	25907	['GO:0001649', 'GO:0045595']
ipsi_vs_contra_in_ff	bend-point selected genes (log2FC > 0)	GO:BP	GO:0006606	protein import into nucleus	0.017535121090132395	175	567	15	25907	['GO:0006886', 'GO:0034504', 'GO:0051170', 'GO:0072594']
ipsi_vs_contra_in_ff	bend-point selected genes (log2FC > 0)	KEGG	KEGG:04380	Osteoclast differentiation	0.017851870066982543	131	283	13	9330	['KEGG:00000']
ipsi_vs_contra_in_ff	bend-point selected genes (log2FC > 0)	GO:BP	GO:0046942	carboxylic acid transport	0.018182727290125135	369	567	23	25907	['GO:0015711', 'GO:0015849']
ipsi_vs_contra_in_ff	bend-point selected genes (log2FC > 0)	GO:BP	GO:0050890	cognition	0.018182727290125135	369	567	23	25907	['GO:0050877']
ipsi_vs_contra_in_ff	bend-point selected genes (log2FC > 0)	GO:BP	GO:0007623	circadian rhythm	0.018460075777835344	244	567	18	25907	['GO:0048511']
ipsi_vs_contra_in_ff	bend-point selected genes (log2FC > 0)	GO:BP	GO:0048568	embryonic organ development	0.01869456461881226	506	567	28	25907	['GO:0009790', 'GO:0048513']
ipsi_vs_contra_in_ff	bend-point selected genes (log2FC > 0)	GO:BP	GO:1903825	organic acid transmembrane transport	0.019250471047633253	155	567	14	25907	['GO:0015849', 'GO:0055085']
ipsi_vs_contra_in_ff	bend-point selected genes (log2FC > 0)	GO:BP	GO:0051402	neuron apoptotic process	0.0198485765256303	371	567	23	25907	['GO:0006915']
ipsi_vs_contra_in_ff	bend-point selected genes (log2FC > 0)	GO:BP	GO:0015849	organic acid transport	0.0198485765256303	371	567	23	25907	['GO:0006810']
ipsi_vs_contra_in_ff	bend-point selected genes (log2FC > 0)	KEGG	KEGG:05163	Human cytomegalovirus infection	0.020520068897768452	248	283	19	9330	['KEGG:00000']
ipsi_vs_contra_in_ff	bend-point selected genes (log2FC > 0)	GO:BP	GO:1905477	positive regulation of protein localization to membrane	0.02129054671877183	116	567	12	25907	['GO:0072657', 'GO:1903829', 'GO:1905475']
ipsi_vs_contra_in_ff	bend-point selected genes (log2FC > 0)	GO:BP	GO:0046323	D-glucose import	0.02205618411297257	80	567	10	25907	['GO:1904659']
ipsi_vs_contra_in_ff	bend-point selected genes (log2FC > 0)	GO:BP	GO:0002831	regulation of response to biotic stimulus	0.02241004286227797	511	567	28	25907	['GO:0009607', 'GO:0048583']
ipsi_vs_contra_in_ff	bend-point selected genes (log2FC > 0)	GO:BP	GO:0002790	peptide secretion	0.022650937708633842	322	567	21	25907	['GO:0015833', 'GO:0046903']
ipsi_vs_contra_in_ff	bend-point selected genes (log2FC > 0)	KEGG	KEGG:05132	Salmonella infection	0.02396413974031143	251	283	19	9330	['KEGG:00000']
ipsi_vs_contra_in_ff	bend-point selected genes (log2FC > 0)	KEGG	KEGG:05135	Yersinia infection	0.02414006265792344	135	283	13	9330	['KEGG:00000']
ipsi_vs_contra_in_ff	bend-point selected genes (log2FC > 0)	GO:BP	GO:0050778	positive regulation of immune response	0.025084091612135276	751	567	36	25907	['GO:0002684', 'GO:0006955', 'GO:0048584', 'GO:0050776']
ipsi_vs_contra_in_ff	bend-point selected genes (log2FC > 0)	GO:BP	GO:0051591	response to cAMP	0.025215729607266396	99	567	11	25907	['GO:0014074', 'GO:0046683', 'GO:1901700']
ipsi_vs_contra_in_ff	bend-point selected genes (log2FC > 0)	GO:BP	GO:0048639	positive regulation of developmental growth	0.025591104884757156	203	567	16	25907	['GO:0045927', 'GO:0048589', 'GO:0048638', 'GO:0051094']
ipsi_vs_contra_in_ff	bend-point selected genes (log2FC > 0)	GO:BP	GO:0051170	import into nucleus	0.026337425667113317	181	567	15	25907	['GO:0006913']
ipsi_vs_contra_in_ff	bend-point selected genes (log2FC > 0)	GO:BP	GO:0042592	homeostatic process	0.027170112801137833	1824	567	68	25907	['GO:0008150']
ipsi_vs_contra_in_ff	bend-point selected genes (log2FC > 0)	GO:BP	GO:0045927	positive regulation of growth	0.027970093299417065	301	567	20	25907	['GO:0040007', 'GO:0040008', 'GO:0048518']
ipsi_vs_contra_in_ff	bend-point selected genes (log2FC > 0)	GO:BP	GO:0050727	regulation of inflammatory response	0.028558504038477154	353	567	22	25907	['GO:0006954', 'GO:0031347', 'GO:0032101']
ipsi_vs_contra_in_ff	bend-point selected genes (log2FC > 0)	GO:BP	GO:0072659	protein localization to plasma membrane	0.02935529950145979	302	567	20	25907	['GO:0072657', 'GO:1990778']
ipsi_vs_contra_in_ff	bend-point selected genes (log2FC > 0)	GO:BP	GO:0032740	positive regulation of interleukin-17 production	0.03022539289371732	25	567	6	25907	['GO:0001819', 'GO:0032620', 'GO:0032660']
ipsi_vs_contra_in_ff	bend-point selected genes (log2FC > 0)	GO:BP	GO:0001775	cell activation	0.031141813057537965	1143	567	48	25907	['GO:0009987', 'GO:0032501']
ipsi_vs_contra_in_ff	bend-point selected genes (log2FC > 0)	GO:BP	GO:0051169	nuclear transport	0.031175381671431395	355	567	22	25907	['GO:0046907']
ipsi_vs_contra_in_ff	bend-point selected genes (log2FC > 0)	GO:BP	GO:0006913	nucleocytoplasmic transport	0.031175381671431395	355	567	22	25907	['GO:0051169']
ipsi_vs_contra_in_ff	bend-point selected genes (log2FC > 0)	GO:BP	GO:0046883	regulation of hormone secretion	0.031338472100724664	329	567	21	25907	['GO:0010646', 'GO:0010817', 'GO:0023051', 'GO:0046879', 'GO:1903530']
ipsi_vs_contra_in_ff	bend-point selected genes (log2FC > 0)	GO:BP	GO:0008360	regulation of cell shape	0.03220637156541538	141	567	13	25907	['GO:0022604', 'GO:0065008']
ipsi_vs_contra_in_ff	bend-point selected genes (log2FC > 0)	GO:BP	GO:0140253	cell-cell fusion	0.03397859389262974	67	567	9	25907	['GO:0009987']
ipsi_vs_contra_in_ff	bend-point selected genes (log2FC > 0)	GO:BP	GO:0000768	syncytium formation by plasma membrane fusion	0.03397859389262974	67	567	9	25907	['GO:0006949', 'GO:0140253']
ipsi_vs_contra_in_ff	bend-point selected genes (log2FC > 0)	GO:BP	GO:0034620	cellular response to unfolded protein	0.03420645765347182	84	567	10	25907	['GO:0006986', 'GO:0035967']
ipsi_vs_contra_in_ff	bend-point selected genes (log2FC > 0)	GO:BP	GO:0030163	protein catabolic process	0.03435118727847369	1016	567	44	25907	['GO:0009057', 'GO:0019538']
ipsi_vs_contra_in_ff	bend-point selected genes (log2FC > 0)	GO:BP	GO:0015711	organic anion transport	0.0352218771777098	467	567	26	25907	['GO:0006810']
ipsi_vs_contra_in_ff	bend-point selected genes (log2FC > 0)	GO:BP	GO:0006413	translational initiation	0.03568737620578228	122	567	12	25907	['GO:0006412', 'GO:0008152']
ipsi_vs_contra_in_ff	bend-point selected genes (log2FC > 0)	GO:BP	GO:0032620	interleukin-17 production	0.03689214761721498	38	567	7	25907	['GO:0001816']
ipsi_vs_contra_in_ff	bend-point selected genes (log2FC > 0)	GO:BP	GO:0032660	regulation of interleukin-17 production	0.03689214761721498	38	567	7	25907	['GO:0001817', 'GO:0032620']
ipsi_vs_contra_in_ff	bend-point selected genes (log2FC > 0)	GO:BP	GO:0003158	endothelium development	0.037480067063978544	143	567	13	25907	['GO:0060429']
ipsi_vs_contra_in_ff	bend-point selected genes (log2FC > 0)	GO:BP	GO:0002683	negative regulation of immune system process	0.03749607598567362	497	567	27	25907	['GO:0002376', 'GO:0002682', 'GO:0048519']
ipsi_vs_contra_in_ff	bend-point selected genes (log2FC > 0)	GO:BP	GO:1904659	D-glucose transmembrane transport	0.03877204030352739	123	567	12	25907	['GO:0008645']
ipsi_vs_contra_in_ff	bend-point selected genes (log2FC > 0)	GO:BP	GO:0045837	negative regulation of membrane potential	0.04010508318392644	16	567	5	25907	['GO:0042391']
ipsi_vs_contra_in_ff	bend-point selected genes (log2FC > 0)	GO:BP	GO:0070555	response to interleukin-1	0.040442883856043346	104	567	11	25907	['GO:0034097']
ipsi_vs_contra_in_ff	bend-point selected genes (log2FC > 0)	GO:BP	GO:0008645	hexose transmembrane transport	0.04208674399373362	124	567	12	25907	['GO:0015749']
ipsi_vs_contra_in_ff	bend-point selected genes (log2FC > 0)	GO:BP	GO:0043170	macromolecule metabolic process	0.042106295305223224	12107	567	314	25907	['GO:0008152']
ipsi_vs_contra_in_ff	bend-point selected genes (log2FC > 0)	GO:BP	GO:0006949	syncytium formation	0.043324758446298225	69	567	9	25907	['GO:0009987', 'GO:0048646']
ipsi_vs_contra_in_ff	bend-point selected genes (log2FC > 0)	GO:BP	GO:0050769	positive regulation of neurogenesis	0.04488963642063795	311	567	20	25907	['GO:0010720', 'GO:0022008', 'GO:0050767', 'GO:0051962']
ipsi_vs_contra_in_ff	bend-point selected genes (log2FC > 0)	REAC	REAC:R-MMU-162582	Signal Transduction	0.04588582721038225	2073	295	100	8469	['REAC:0000000']
